{
    "accuracy": 0.9427,
    "report": {
        "0": {
            "precision": 0.9968051118210862,
            "recall": 0.5897920604914934,
            "f1-score": 0.7410926365795724,
            "support": 529.0
        },
        "1": {
            "precision": 0.9313262005473999,
            "recall": 0.9972026108964966,
            "f1-score": 0.9631392730781603,
            "support": 7507.0
        },
        "2": {
            "precision": 0.9878714372346877,
            "recall": 0.8294297352342159,
            "f1-score": 0.9017437032936618,
            "support": 1964.0
        },
        "accuracy": 0.9427,
        "macro avg": {
            "precision": 0.9720009165343914,
            "recall": 0.805474802207402,
            "f1-score": 0.8686585376504649,
            "support": 10000.0
        },
        "weighted avg": {
            "precision": 0.9458955194391612,
            "recall": 0.9427,
            "f1-score": 0.9393349161017095,
            "support": 10000.0
        }
    }
}