{
    "accuracy": 0.7982,
    "report": {
        "0": {
            "precision": 1.0,
            "recall": 0.017013232514177693,
            "f1-score": 0.033457249070631974,
            "support": 529.0
        },
        "1": {
            "precision": 0.8118395636859448,
            "recall": 0.9517783402157985,
            "f1-score": 0.8762570517537405,
            "support": 7507.0
        },
        "2": {
            "precision": 0.6957983193277311,
            "recall": 0.4215885947046843,
            "f1-score": 0.5250475586556753,
            "support": 1964.0
        },
        "accuracy": 0.7982,
        "macro avg": {
            "precision": 0.835879294337892,
            "recall": 0.46346005581155353,
            "f1-score": 0.4782539531600159,
            "support": 10000.0
        },
        "weighted avg": {
            "precision": 0.7990027503750051,
            "recall": 0.7982,
            "f1-score": 0.7626953977473441,
            "support": 10000.0
        }
    }
}