{
    "accuracy": 0.9105,
    "report": {
        "0": {
            "precision": 1.0,
            "recall": 0.3950850661625709,
            "f1-score": 0.5663956639566395,
            "support": 529.0
        },
        "1": {
            "precision": 0.8952654232424677,
            "recall": 0.997469028906354,
            "f1-score": 0.9436078381954508,
            "support": 7507.0
        },
        "2": {
            "precision": 0.9866853538892782,
            "recall": 0.7169042769857433,
            "f1-score": 0.8304335004423474,
            "support": 1964.0
        },
        "accuracy": 0.9105,
        "macro avg": {
            "precision": 0.9606502590439153,
            "recall": 0.7031527906848893,
            "f1-score": 0.7801456675314792,
            "support": 10000.0
        },
        "weighted avg": {
            "precision": 0.9187607567319749,
            "recall": 0.9105,
            "f1-score": 0.9014258742435082,
            "support": 10000.0
        }
    }
}