{
    "accuracy": 0.9719,
    "report": {
        "0": {
            "precision": 0.9759825327510917,
            "recall": 0.8449905482041588,
            "f1-score": 0.9057750759878419,
            "support": 529.0
        },
        "1": {
            "precision": 0.9724110878661087,
            "recall": 0.9906753696549887,
            "f1-score": 0.9814582645991421,
            "support": 7507.0
        },
        "2": {
            "precision": 0.9688489968321014,
            "recall": 0.9343177189409368,
            "f1-score": 0.951270088128564,
            "support": 1964.0
        },
        "accuracy": 0.9719,
        "macro avg": {
            "precision": 0.9724142058164339,
            "recall": 0.9233278789333615,
            "f1-score": 0.9461678095718494,
            "support": 10000.0
        },
        "weighted avg": {
            "precision": 0.9719004226214453,
            "recall": 0.9719,
            "f1-score": 0.9715256660627827,
            "support": 10000.0
        }
    }
}